metric,value,unit,source,notes
official_h96_fixed_flash,1.0304,ms,01_official_benchmark_17926.log,
official_h96_fixed_chunk,2.4155,ms,01_official_benchmark_17926.log,
official_h96_fixed_speedup_vs_chunk,2.3442352484472053,x,derived from Job 17926 means,
official_h96_ragged_6_flash,0.8612,ms,01_official_benchmark_17926.log,
official_h96_ragged_6_chunk,2.4255,ms,01_official_benchmark_17926.log,
official_h96_ragged_6_speedup_vs_chunk,2.8164189503019044,x,derived from Job 17926 means,
official_h96_8_x_1024_flash,0.6963,ms,01_official_benchmark_17926.log,
official_h96_8_x_1024_chunk,2.3814,ms,01_official_benchmark_17926.log,
official_h96_8_x_1024_speedup_vs_chunk,3.4200775527789746,x,derived from Job 17926 means,
official_h64_fixed_flash,0.941,ms,01_official_benchmark_17926.log,
official_h64_fixed_chunk,1.6856,ms,01_official_benchmark_17926.log,
official_h64_fixed_speedup_vs_chunk,1.7912858660998938,x,derived from Job 17926 means,
official_h64_ragged_6_flash,0.6532,ms,01_official_benchmark_17926.log,
official_h64_ragged_6_chunk,1.699,ms,01_official_benchmark_17926.log,
official_h64_ragged_6_speedup_vs_chunk,2.601041028781384,x,derived from Job 17926 means,
official_h64_8_x_1024_flash,0.474,ms,01_official_benchmark_17926.log,
official_h64_8_x_1024_chunk,1.5964,ms,01_official_benchmark_17926.log,
official_h64_8_x_1024_speedup_vs_chunk,3.367932489451477,x,derived from Job 17926 means,
chunk16_ftz_fraction,0.0,fraction,04_chunk_analysis_17935.csv,
chunk16_neumann_sequence_cost_vs_c16,1.0,x,04_chunk_analysis_17935.csv,
chunk16_workspace_per_head,6.75,MiB,04_chunk_analysis_17935.csv,
chunk32_ftz_fraction,0.46875,fraction,04_chunk_analysis_17935.csv,
chunk32_neumann_sequence_cost_vs_c16,5.333333333333333,x,04_chunk_analysis_17935.csv,
chunk32_workspace_per_head,7.125,MiB,04_chunk_analysis_17935.csv,
chunk64_ftz_fraction,0.734375,fraction,04_chunk_analysis_17935.csv,
chunk64_neumann_sequence_cost_vs_c16,26.666666666666668,x,04_chunk_analysis_17935.csv,
chunk64_workspace_per_head,8.0625,MiB,04_chunk_analysis_17935.csv,
tcgen_l0_v128_grid12_inner64_speedup,0.919742,x MMA/TCGEN,03_tcgen05_probe_17937.csv,
tcgen_l0_v128_grid148_inner64_speedup,0.903891,x MMA/TCGEN,03_tcgen05_probe_17937.csv,
tcgen_l1_v128_grid12_inner64_speedup,0.256278,x MMA/TCGEN,03_tcgen05_probe_17937.csv,
tcgen_l1_v128_grid148_inner64_speedup,0.256393,x MMA/TCGEN,03_tcgen05_probe_17937.csv,
dispatch_fixed_1x8192_v16_median,0.5690719783306122,ms,05_dispatch_upgrade_17947.csv; median of repeat medians,
dispatch_fixed_1x8192_v16_latency_reduction_vs_v128,27.10485731516916,%,derived from Job 17947 medians,
dispatch_fixed_1x8192_v32_median,0.5843999981880188,ms,05_dispatch_upgrade_17947.csv; median of repeat medians,
dispatch_fixed_1x8192_v32_latency_reduction_vs_v128,25.14141817718996,%,derived from Job 17947 medians,
dispatch_fixed_1x8192_v64_median,0.6348960101604462,ms,05_dispatch_upgrade_17947.csv; median of repeat medians,
dispatch_fixed_1x8192_v64_latency_reduction_vs_v128,18.673143270133245,%,derived from Job 17947 medians,
dispatch_fixed_1x8192_compat_v128_median,0.780672013759613,ms,05_dispatch_upgrade_17947.csv; median of repeat medians,
dispatch_fixed_1x8192_compat_v128_latency_reduction_vs_v128,0.0,%,derived from Job 17947 medians,
dispatch_fixed_1x8192_auto_median,0.5697919726371765,ms,05_dispatch_upgrade_17947.csv; median of repeat medians,
dispatch_fixed_1x8192_auto_latency_reduction_vs_v128,27.012629811957286,%,derived from Job 17947 medians,
dispatch_packed_1x8192_v16_median,0.5739520192146301,ms,05_dispatch_upgrade_17947.csv; median of repeat medians,
dispatch_packed_1x8192_v16_latency_reduction_vs_v128,26.8813646864184,%,derived from Job 17947 medians,
dispatch_packed_1x8192_v32_median,0.5841280221939087,ms,05_dispatch_upgrade_17947.csv; median of repeat medians,
dispatch_packed_1x8192_v32_latency_reduction_vs_v128,25.584992470828112,%,derived from Job 17947 medians,
dispatch_packed_1x8192_v64_median,0.6332799792289734,ms,05_dispatch_upgrade_17947.csv; median of repeat medians,
dispatch_packed_1x8192_v64_latency_reduction_vs_v128,19.32327737779039,%,derived from Job 17947 medians,
dispatch_packed_1x8192_compat_v128_median,0.7849599719047546,ms,05_dispatch_upgrade_17947.csv; median of repeat medians,
dispatch_packed_1x8192_compat_v128_latency_reduction_vs_v128,0.0,%,derived from Job 17947 medians,
dispatch_packed_1x8192_auto_median,0.5740159749984741,ms,05_dispatch_upgrade_17947.csv; median of repeat medians,
dispatch_packed_1x8192_auto_latency_reduction_vs_v128,26.873217037349264,%,derived from Job 17947 medians,
dispatch_packed_ragged6_v16_median,0.3218879997730255,ms,05_dispatch_upgrade_17947.csv; median of repeat medians,
dispatch_packed_ragged6_v16_latency_reduction_vs_v128,5.416076580901502,%,derived from Job 17947 medians,
dispatch_packed_ragged6_v32_median,0.28723201155662537,ms,05_dispatch_upgrade_17947.csv; median of repeat medians,
dispatch_packed_ragged6_v32_latency_reduction_vs_v128,15.599430224978116,%,derived from Job 17947 medians,
dispatch_packed_ragged6_v64_median,0.2810240089893341,ms,05_dispatch_upgrade_17947.csv; median of repeat medians,
dispatch_packed_ragged6_v64_latency_reduction_vs_v128,17.42359651829841,%,derived from Job 17947 medians,
dispatch_packed_ragged6_compat_v128_median,0.34031999111175537,ms,05_dispatch_upgrade_17947.csv; median of repeat medians,
dispatch_packed_ragged6_compat_v128_latency_reduction_vs_v128,0.0,%,derived from Job 17947 medians,
dispatch_packed_ragged6_auto_median,0.34035199880599976,ms,05_dispatch_upgrade_17947.csv; median of repeat medians,
dispatch_packed_ragged6_auto_latency_reduction_vs_v128,-0.009405176034420492,%,derived from Job 17947 medians,
dispatch_packed_8x1024_v16_median,0.31379199028015137,ms,05_dispatch_upgrade_17947.csv; median of repeat medians,
dispatch_packed_8x1024_v16_latency_reduction_vs_v128,-101.00440042040762,%,derived from Job 17947 medians,
dispatch_packed_8x1024_v32_median,0.1685439944267273,ms,05_dispatch_upgrade_17947.csv; median of repeat medians,
dispatch_packed_8x1024_v32_latency_reduction_vs_v128,-7.9635095655523855,%,derived from Job 17947 medians,
dispatch_packed_8x1024_v64_median,0.15403199940919876,ms,05_dispatch_upgrade_17947.csv; median of repeat medians,
dispatch_packed_8x1024_v64_latency_reduction_vs_v128,1.332377352396063,%,derived from Job 17947 medians,
dispatch_packed_8x1024_compat_v128_median,0.15611200034618378,ms,05_dispatch_upgrade_17947.csv; median of repeat medians,
dispatch_packed_8x1024_compat_v128_latency_reduction_vs_v128,0.0,%,derived from Job 17947 medians,
dispatch_packed_8x1024_auto_median,0.15612800419330597,ms,05_dispatch_upgrade_17947.csv; median of repeat medians,
dispatch_packed_8x1024_auto_latency_reduction_vs_v128,-0.010251516274663893,%,derived from Job 17947 medians,
dispatch_packed_32x256_v16_median,0.2584640085697174,ms,05_dispatch_upgrade_17947.csv; median of repeat medians,
dispatch_packed_32x256_v16_latency_reduction_vs_v128,-106.30908635466051,%,derived from Job 17947 medians,
dispatch_packed_32x256_v32_median,0.17238399386405945,ms,05_dispatch_upgrade_17947.csv; median of repeat medians,
dispatch_packed_32x256_v32_latency_reduction_vs_v128,-37.598981278155264,%,derived from Job 17947 medians,
dispatch_packed_32x256_v64_median,0.1335040032863617,ms,05_dispatch_upgrade_17947.csv; median of repeat medians,
dispatch_packed_32x256_v64_latency_reduction_vs_v128,-6.564504261603887,%,derived from Job 17947 medians,
dispatch_packed_32x256_compat_v128_median,0.1252799928188324,ms,05_dispatch_upgrade_17947.csv; median of repeat medians,
dispatch_packed_32x256_compat_v128_latency_reduction_vs_v128,0.0,%,derived from Job 17947 medians,
dispatch_packed_32x256_auto_median,0.12534399330615997,ms,05_dispatch_upgrade_17947.csv; median of repeat medians,
dispatch_packed_32x256_auto_latency_reduction_vs_v128,-0.051085960245964325,%,derived from Job 17947 medians,
correctness_fixed_short_stateful_output_worst_rel_rmse,0.5659519076895856,%,03_reference_correctness_17934.csv; max across requested references,
correctness_fixed_short_stateful_final_state_worst_rel_rmse,0.5055681568153005,%,03_reference_correctness_17934.csv; max across requested references,
correctness_ragged_short_stateful_output_worst_rel_rmse,0.5540893480228593,%,03_reference_correctness_17934.csv; max across requested references,
correctness_ragged_short_stateful_final_state_worst_rel_rmse,0.4319328017765845,%,03_reference_correctness_17934.csv; max across requested references,
correctness_long_8192_random_output_worst_rel_rmse,0.5698246341576715,%,03_reference_correctness_17934.csv; max across requested references,
correctness_long_8192_random_final_state_worst_rel_rmse,0.4727708840264338,%,03_reference_correctness_17934.csv; max across requested references,
correctness_long_8192_memory_output_worst_rel_rmse,0.9130895966363569,%,03_reference_correctness_17934.csv; max across requested references,
correctness_long_8192_memory_final_state_worst_rel_rmse,0.8151206324063978,%,03_reference_correctness_17934.csv; max across requested references,
correctness_k3_fixed_8192_output_worst_rel_rmse,0.5737014212095946,%,03_reference_correctness_17934.csv; max across requested references,
correctness_k3_fixed_8192_final_state_worst_rel_rmse,0.4776599661038727,%,03_reference_correctness_17934.csv; max across requested references,
correctness_k3_ragged6_output_worst_rel_rmse,0.5656528990949659,%,03_reference_correctness_17934.csv; max across requested references,
correctness_k3_ragged6_final_state_worst_rel_rmse,0.4630450399579796,%,03_reference_correctness_17934.csv; max across requested references,
correctness_k3_packed_8x1024_output_worst_rel_rmse,0.5680431914556082,%,03_reference_correctness_17934.csv; max across requested references,
correctness_k3_packed_8x1024_final_state_worst_rel_rmse,0.4570611323704049,%,03_reference_correctness_17934.csv; max across requested references,
correctness_finite_rows,200,rows,03_reference_correctness_17934.csv,
correctness_rows_total,200,rows,03_reference_correctness_17934.csv,
valueslice_bitwise_rows_passed,98,rows,03_reference_correctness_17934.csv,
valueslice_bitwise_rows_total,98,rows,03_reference_correctness_17934.csv,
correctness_worst_rel_rmse,0.9130895966363569,%,03_reference_correctness_17934.csv,
amdahl_v128_grid12_modeled_full_k2_speedup,0.9738523847913263,x,derived from Job 17937 L0 inner64 and phase share 128/416,
amdahl_v128_grid148_modeled_full_k2_speedup,0.9683201155268071,x,derived from Job 17937 L0 inner64 and phase share 128/416,
phase6_static_hmma_atom_share,0.3076923076923077,fraction,source-code static count: 128 Phase-6 atoms / 416 total K2 atoms per chunk/head,
phase6_only_infinite_speedup_ceiling,1.4444444444444444,x,Amdahl model using 128/416 atom share,
ncu_official_v128_duration,1270.0,us,05_targeted_ncu_summary_17965.csv,
ncu_official_v128_cta_count,12,CTA,05_targeted_ncu_summary_17965.csv,
ncu_official_v128_sm_throughput,2.64,%,05_targeted_ncu_summary_17965.csv,
ncu_official_v128_dram_throughput,1.24,%,05_targeted_ncu_summary_17965.csv,
ncu_official_v128_tensor_elapsed,2.48,%,05_targeted_ncu_metrics_17965.csv,
ncu_valueslice_v16_duration,901.22,us,05_targeted_ncu_summary_17965.csv,
ncu_valueslice_v16_cta_count,96,CTA,05_targeted_ncu_summary_17965.csv,
ncu_valueslice_v16_sm_throughput,7.22,%,05_targeted_ncu_summary_17965.csv,
ncu_valueslice_v16_dram_throughput,1.83,%,05_targeted_ncu_summary_17965.csv,
ncu_valueslice_v16_tensor_elapsed,3.5,%,05_targeted_ncu_metrics_17965.csv,
ncu_valueslice_duration_reduction,29.03779527559055,%,derived from Job 17965 NCU durations,
