case,packed,nseq,total_tokens,heads,mode,repeat,order_index,mean_ms,median_ms,p90_ms,min_ms,max_ms,stdev_ms
fixed_1x8192,False,1,8192,12,v16,0,0,0.5693024024367332,0.5689440071582794,0.5709760189056396,0.5676800012588501,0.6025599837303162,0.002689587397435595
fixed_1x8192,False,1,8192,12,auto,0,1,0.5694531208276749,0.5697919726371765,0.5709440112113953,0.5677120089530945,0.5888000130653381,0.0018831814670482463
fixed_1x8192,False,1,8192,12,compat_v128,0,2,0.7802118387818336,0.780239999294281,0.7828800082206726,0.7767360210418701,0.7939839959144592,0.0020518074596905136
fixed_1x8192,False,1,8192,12,v32,0,3,0.5848284792900086,0.5843520164489746,0.5863360166549683,0.582144021987915,0.6032639741897583,0.0017492718757478906
fixed_1x8192,False,1,8192,12,v64,0,4,0.6346571180224418,0.6344320178031921,0.6356800198554993,0.6313279867172241,0.6510080099105835,0.0017446754306747584
fixed_1x8192,False,1,8192,12,auto,1,0,0.5694601619243622,0.5696319937705994,0.5717440247535706,0.5677120089530945,0.5887680053710938,0.0019535986819248815
fixed_1x8192,False,1,8192,12,v32,1,1,0.5846945592761039,0.584384024143219,0.5863360166549683,0.582144021987915,0.6034560203552246,0.001756406222573614
fixed_1x8192,False,1,8192,12,v64,1,2,0.6345055994391441,0.6336320042610168,0.6357120275497437,0.6313279867172241,0.6496959924697876,0.0017894591733596628
fixed_1x8192,False,1,8192,12,v16,1,3,0.5694408017396927,0.5697280168533325,0.5711359977722168,0.5677440166473389,0.5852479934692383,0.001668657044815595
fixed_1x8192,False,1,8192,12,compat_v128,1,4,0.7804052799940109,0.7806880176067352,0.782975971698761,0.776639997959137,0.79721599817276,0.002203621495379019
fixed_1x8192,False,1,8192,12,v64,2,0,0.6344828823208809,0.6336320042610168,0.6356160044670105,0.6313920021057129,0.654367983341217,0.001951580040388831
fixed_1x8192,False,1,8192,12,v16,2,1,0.5694833600521088,0.5698559880256653,0.5711039900779724,0.5676800012588501,0.5849279761314392,0.0017000427744013797
fixed_1x8192,False,1,8192,12,compat_v128,2,2,0.7806294402480125,0.780815988779068,0.7828800082206726,0.7767360210418701,0.797760009765625,0.0020450881184466475
fixed_1x8192,False,1,8192,12,v32,2,3,0.5849332809448242,0.5843520164489746,0.5863360166549683,0.582144021987915,0.6179199814796448,0.0026047692707538215
fixed_1x8192,False,1,8192,12,auto,2,4,0.5693441623449326,0.5691680014133453,0.5708799958229065,0.5676479935646057,0.5843200087547302,0.0016441541639241573
fixed_1x8192,False,1,8192,12,v64,3,0,0.6345390379428864,0.63372802734375,0.6356800198554993,0.6313920021057129,0.6534079909324646,0.0018569577053379003
fixed_1x8192,False,1,8192,12,compat_v128,3,1,0.7801470419764519,0.7799040079116821,0.7828800082206726,0.776639997959137,0.7945280075073242,0.0020724120895436156
fixed_1x8192,False,1,8192,12,v16,3,2,0.5692435213923455,0.5689760148525238,0.571008026599884,0.5677440166473389,0.5825920104980469,0.0016025738546534415
fixed_1x8192,False,1,8192,12,auto,3,3,0.5690523219108582,0.5687679946422577,0.5701760053634644,0.5669119954109192,0.5891519784927368,0.0018723895017336827
fixed_1x8192,False,1,8192,12,v32,3,4,0.5847806385159493,0.584384024143219,0.5863040089607239,0.5813760161399841,0.6023039817810059,0.0016925649277096768
fixed_1x8192,False,1,8192,12,v32,4,0,0.5847116783261299,0.5843520164489746,0.5863360166549683,0.582207977771759,0.5987520217895508,0.0014986870159912442
fixed_1x8192,False,1,8192,12,compat_v128,4,1,0.7803447994589806,0.7807360291481018,0.782912015914917,0.7767360210418701,0.7953280210494995,0.0020112656038730014
fixed_1x8192,False,1,8192,12,v64,4,2,0.6347294411063195,0.6346880197525024,0.6357120275497437,0.63155198097229,0.6552000045776367,0.0019113721091946062
fixed_1x8192,False,1,8192,12,auto,4,3,0.5696019199490547,0.5698239803314209,0.5719360113143921,0.5676479935646057,0.5860480070114136,0.0017873472270844846
fixed_1x8192,False,1,8192,12,v16,4,4,0.5694972798228264,0.5698079764842987,0.5717440247535706,0.5676800012588501,0.5844159722328186,0.0017195326535250223
packed_1x8192,True,1,8192,12,v32,0,0,0.5838156807422638,0.5841280221939087,0.5861120223999023,0.5800960063934326,0.5973759889602661,0.001759460917665152
packed_1x8192,True,1,8192,12,v64,0,1,0.633016157746315,0.6332799792289734,0.6353279948234558,0.6292160153388977,0.6468480229377747,0.0018924289959742924
packed_1x8192,True,1,8192,12,v16,0,2,0.5741966414451599,0.5740159749984741,0.5760639905929565,0.57014399766922,0.5831040143966675,0.001742358531540543
packed_1x8192,True,1,8192,12,auto,0,3,0.7853256002068519,0.7849759757518768,0.7871360182762146,0.7811200022697449,0.7982720136642456,0.0018496198448873535
packed_1x8192,True,1,8192,12,compat_v128,0,4,0.7853622418642044,0.784928023815155,0.7870720028877258,0.7819520235061646,0.7954879999160767,0.0017373992419806351
packed_1x8192,True,1,8192,12,v64,1,0,0.6329164758324624,0.6332639753818512,0.6353600025177002,0.6291519999504089,0.644320011138916,0.0019663882101695405
packed_1x8192,True,1,8192,12,v32,1,1,0.5840052792429924,0.5841280221939087,0.5861759781837463,0.5799999833106995,0.5960000157356262,0.0016466288154626863
packed_1x8192,True,1,8192,12,auto,1,2,0.7852393606305123,0.784928023815155,0.7870079874992371,0.7816640138626099,0.7979199886322021,0.0017779378791478843
packed_1x8192,True,1,8192,12,compat_v128,1,3,0.7854321590065956,0.784991979598999,0.7870720028877258,0.7827200293540955,0.7993599772453308,0.0018912276870078394
packed_1x8192,True,1,8192,12,v16,1,4,0.5741041606664657,0.5739840269088745,0.5760959982872009,0.5698239803314209,0.5869119763374329,0.001986096755171752
packed_1x8192,True,1,8192,12,v64,2,0,0.6326599991321564,0.633184015750885,0.6353600025177002,0.6292160153388977,0.6440640091896057,0.0019009313349984543
packed_1x8192,True,1,8192,12,compat_v128,2,1,0.7853939199447632,0.7849599719047546,0.7870399951934814,0.7818880081176758,0.8006399869918823,0.0018872998042282444
packed_1x8192,True,1,8192,12,v16,2,2,0.5740244805812835,0.5739840269088745,0.5760319828987122,0.569920003414154,0.5826560258865356,0.0017788883211421692
packed_1x8192,True,1,8192,12,auto,2,3,0.7852512016892433,0.784928023815155,0.7870079874992371,0.7817280292510986,0.7990400195121765,0.0018124945410728645
packed_1x8192,True,1,8192,12,v32,2,4,0.5840054380893708,0.5841280221939087,0.5862079858779907,0.5800319910049438,0.6273599863052368,0.003400450527827338
packed_1x8192,True,1,8192,12,auto,3,0,0.7855208003520966,0.784991979598999,0.7870720028877258,0.7827200293540955,0.7997120022773743,0.0018674692697269728
packed_1x8192,True,1,8192,12,v16,3,1,0.5741134434938431,0.5739840269088745,0.5759999752044678,0.569920003414154,0.589792013168335,0.001847262807142865
packed_1x8192,True,1,8192,12,v32,3,2,0.5836910381913185,0.5840960144996643,0.5860159993171692,0.5791680216789246,0.5948160290718079,0.001705723555804997
packed_1x8192,True,1,8192,12,compat_v128,3,3,0.7853409603238106,0.7849599719047546,0.7870399951934814,0.7827519774436951,0.7972480058670044,0.0017934146113742098
packed_1x8192,True,1,8192,12,v64,3,4,0.633065277338028,0.6333119869232178,0.6352959871292114,0.6292160153388977,0.6422399878501892,0.001730287761552531
packed_1x8192,True,1,8192,12,v64,4,0,0.633006080687046,0.6333119869232178,0.6352959871292114,0.628383994102478,0.6589760184288025,0.0023931860943945823
packed_1x8192,True,1,8192,12,auto,4,1,0.7853507187962532,0.7849599719047546,0.7870399951934814,0.7808319926261902,0.8033919930458069,0.0020265437871147393
packed_1x8192,True,1,8192,12,compat_v128,4,2,0.7854678389430046,0.784991979598999,0.787168025970459,0.7819839715957642,0.8014400005340576,0.0019797202741497046
packed_1x8192,True,1,8192,12,v32,4,3,0.5838678392767906,0.5841599702835083,0.5860159993171692,0.5801600217819214,0.5990719795227051,0.0018573169617887623
packed_1x8192,True,1,8192,12,v16,4,4,0.574139042198658,0.5739840269088745,0.5759999752044678,0.569920003414154,0.5938559770584106,0.0020884666189281346
packed_ragged6,True,6,8192,12,v64,0,0,0.2807932785153389,0.2810559868812561,0.28118398785591125,0.2771199941635132,0.29183998703956604,0.0010974994651534364
packed_ragged6,True,6,8192,12,v32,0,1,0.287298721075058,0.28723201155662537,0.2892799973487854,0.2850880026817322,0.2953920066356659,0.0012975641533129576
packed_ragged6,True,6,8192,12,auto,0,2,0.34000432059168817,0.34038400650024414,0.34060800075531006,0.3373120129108429,0.36137598752975464,0.0017886266237663075
packed_ragged6,True,6,8192,12,v16,0,3,0.32124367654323577,0.3218879997730255,0.32211199402809143,0.31804800033569336,0.33212798833847046,0.001323434418297959
packed_ragged6,True,6,8192,12,compat_v128,0,4,0.3396179206669331,0.3402720093727112,0.3405759930610657,0.33638399839401245,0.3489280045032501,0.0012339900602844223
packed_ragged6,True,6,8192,12,compat_v128,1,0,0.33968080013990404,0.34033599495887756,0.34060800075531006,0.33641600608825684,0.3498240113258362,0.0013113127453900104
packed_ragged6,True,6,8192,12,v64,1,1,0.28051855966448785,0.2809920012950897,0.28118398785591125,0.2789759933948517,0.29183998703956604,0.0011913206217029335
packed_ragged6,True,6,8192,12,auto,1,2,0.33984159961342814,0.34031999111175537,0.34060800075531006,0.3375680148601532,0.35286399722099304,0.0013279996512373347
packed_ragged6,True,6,8192,12,v32,1,3,0.28738304048776625,0.28723201155662537,0.289247989654541,0.28512001037597656,0.3095040023326874,0.0019767511988844884
packed_ragged6,True,6,8192,12,v16,1,4,0.321421118080616,0.3219040036201477,0.3221760094165802,0.31808000802993774,0.3445119857788086,0.0019266610954913597
packed_ragged6,True,6,8192,12,v64,2,0,0.2803716775774956,0.28097599744796753,0.28118398785591125,0.27798399329185486,0.2898559868335724,0.0011914873357550782
packed_ragged6,True,6,8192,12,compat_v128,2,1,0.33967968001961707,0.3403040021657944,0.3405759930610657,0.33670398592948914,0.3508799970149994,0.0012996405162141156
packed_ragged6,True,6,8192,12,v32,2,2,0.2871468810737133,0.287200003862381,0.289216011762619,0.2850880026817322,0.3025600016117096,0.0016900733039672874
packed_ragged6,True,6,8192,12,auto,2,3,0.3397316810488701,0.3402880132198334,0.3405759930610657,0.33740800619125366,0.3529280126094818,0.0014262922063295958
packed_ragged6,True,6,8192,12,v16,2,4,0.3213535974919796,0.3219359964132309,0.3222079873085022,0.31910398602485657,0.3307519853115082,0.001266789919761213
packed_ragged6,True,6,8192,12,v16,3,0,0.3213940769433975,0.3219200074672699,0.3221760094165802,0.31891199946403503,0.3325119912624359,0.001308484919560065
packed_ragged6,True,6,8192,12,v32,3,1,0.2873894403874874,0.28723201155662537,0.289216011762619,0.28512001037597656,0.33750399947166443,0.0037933734561437617
packed_ragged6,True,6,8192,12,v64,3,2,0.2805441589653492,0.2809920012950897,0.28121599555015564,0.27804800868034363,0.30505600571632385,0.0019973221994600606
packed_ragged6,True,6,8192,12,auto,3,3,0.33973504066467286,0.3403040021657944,0.3405759930610657,0.33667200803756714,0.35100799798965454,0.0013063824004968328
packed_ragged6,True,6,8192,12,compat_v128,3,4,0.33976112082600596,0.34031999111175537,0.3405759930610657,0.3373759984970093,0.3490560054779053,0.001245430029541272
packed_ragged6,True,6,8192,12,v32,4,0,0.2871760006248951,0.287200003862381,0.289247989654541,0.2841919958591461,0.29980799555778503,0.001594446687214732
packed_ragged6,True,6,8192,12,compat_v128,4,1,0.3396740804612637,0.3402880132198334,0.3405759930610657,0.3367680013179779,0.35065600275993347,0.0013001640611018809
packed_ragged6,True,6,8192,12,v16,4,2,0.32139599800109864,0.3219200074672699,0.3221760094165802,0.3182080090045929,0.33580800890922546,0.001478889797179361
packed_ragged6,True,6,8192,12,v64,4,3,0.28059119820594786,0.2810240089893341,0.28118398785591125,0.2779519855976105,0.2897599935531616,0.0011611603325885989
packed_ragged6,True,6,8192,12,auto,4,4,0.3397603198885918,0.34033599495887756,0.3405759930610657,0.3364799916744232,0.35126399993896484,0.0013184879820601094
packed_8x1024,True,8,8192,12,v32,0,0,0.16888319842517377,0.1685120016336441,0.17049600183963776,0.16633599996566772,0.18198400735855103,0.0015992347177316965
packed_8x1024,True,8,8192,12,auto,0,1,0.15574048087000847,0.15609599649906158,0.1562879979610443,0.15305599570274353,0.16556799411773682,0.0011014657119075687
packed_8x1024,True,8,8192,12,v64,0,2,0.15364959947764872,0.15404799580574036,0.1542080044746399,0.1510079950094223,0.16182400286197662,0.0010338012536319715
packed_8x1024,True,8,8192,12,compat_v128,0,3,0.15577504076063634,0.15609599649906158,0.1562879979610443,0.15401600301265717,0.16278399527072906,0.0009609851877709171
packed_8x1024,True,8,8192,12,v16,0,4,0.3133153612911701,0.31379199028015137,0.3139840066432953,0.3108159899711609,0.3250240087509155,0.0012421150449065516
packed_8x1024,True,8,8192,12,v32,1,0,0.16891455836594105,0.1685120016336441,0.17052799463272095,0.16630400717258453,0.17744000256061554,0.0014262763981252769
packed_8x1024,True,8,8192,12,auto,1,1,0.155736481025815,0.15612800419330597,0.1562879979610443,0.15334400534629822,0.16326400637626648,0.0010245929513345844
packed_8x1024,True,8,8192,12,v16,1,2,0.31332352221012116,0.31379199028015137,0.3139840066432953,0.3108159899711609,0.3214400112628937,0.0011309805794141037
packed_8x1024,True,8,8192,12,compat_v128,1,3,0.15576608061790467,0.15609599649906158,0.15625600516796112,0.15398399531841278,0.1618880033493042,0.0009042803890949737
packed_8x1024,True,8,8192,12,v64,1,4,0.15355967998504638,0.15401600301265717,0.1542080044746399,0.15110400319099426,0.1616639941930771,0.0010549797588819138
packed_8x1024,True,8,8192,12,v16,2,0,0.31319152042269705,0.31376001238822937,0.3139519989490509,0.31167998909950256,0.31968000531196594,0.001086954945304663
packed_8x1024,True,8,8192,12,auto,2,1,0.15576720044016837,0.15609599649906158,0.1562879979610443,0.1539520025253296,0.16787199676036835,0.0011829235378659534
packed_8x1024,True,8,8192,12,v32,2,2,0.16893263831734656,0.1685439944267273,0.17049600183963776,0.16630400717258453,0.17507199943065643,0.0012957197560573169
packed_8x1024,True,8,8192,12,v64,2,3,0.1537364800274372,0.15404799580574036,0.15423999726772308,0.151296004652977,0.16646400094032288,0.0012289832094068477
packed_8x1024,True,8,8192,12,compat_v128,2,4,0.15575696028769015,0.15612800419330597,0.15625600516796112,0.15321600437164307,0.16227200627326965,0.0009709268392978255
packed_8x1024,True,8,8192,12,v64,3,0,0.15364943996071814,0.15404799580574036,0.15423999726772308,0.1510400027036667,0.16281600296497345,0.0010744978247862274
packed_8x1024,True,8,8192,12,v32,3,1,0.16902303792536258,0.1685439944267273,0.17052799463272095,0.1645440012216568,0.18028800189495087,0.0015602012722661025
packed_8x1024,True,8,8192,12,v16,3,2,0.3133504019677639,0.31379199028015137,0.3139840066432953,0.31164801120758057,0.3261120021343231,0.0013092221116869699
packed_8x1024,True,8,8192,12,compat_v128,3,3,0.15574544064700604,0.15612800419330597,0.15625600516796112,0.15408000349998474,0.16499200463294983,0.001059720267998234
packed_8x1024,True,8,8192,12,auto,3,4,0.15576928026974202,0.15609599649906158,0.1562879979610443,0.1539520025253296,0.16476799547672272,0.0010370899882679828
packed_8x1024,True,8,8192,12,auto,4,0,0.1559657607227564,0.15615999698638916,0.1562879979610443,0.15404799580574036,0.1687999963760376,0.0011450801782980477
packed_8x1024,True,8,8192,12,v64,4,1,0.15375439934432505,0.15406399965286255,0.15423999726772308,0.15193599462509155,0.16838400065898895,0.0013192358250014788
packed_8x1024,True,8,8192,12,v32,4,2,0.16926927790045737,0.16859199851751328,0.17059199512004852,0.16630400717258453,0.17440000176429749,0.00121289126340383
packed_8x1024,True,8,8192,12,compat_v128,4,3,0.1558982404321432,0.15612800419330597,0.15625600516796112,0.15331199765205383,0.16662399470806122,0.0010534200639732369
packed_8x1024,True,8,8192,12,v16,4,4,0.31345824226737024,0.31382399797439575,0.3139840066432953,0.31171199679374695,0.3214400112628937,0.0010444772822612888
packed_32x256,True,32,8192,12,auto,0,0,0.1252188788354397,0.12537600100040436,0.12563200294971466,0.12246400117874146,0.13622400164604187,0.001227712091167361
packed_32x256,True,32,8192,12,v32,0,1,0.17227807857096195,0.1724800020456314,0.17449599504470825,0.17033599317073822,0.18303999304771423,0.0015155131454616894
packed_32x256,True,32,8192,12,v16,0,2,0.2585007992386818,0.25859200954437256,0.2606079876422882,0.2503040134906769,0.2727360129356384,0.00202112203613728
packed_32x256,True,32,8192,12,v64,0,3,0.1331697605550289,0.13353599607944489,0.1337919980287552,0.1295360028743744,0.1440960019826889,0.0013989648641761637
packed_32x256,True,32,8192,12,compat_v128,0,4,0.12513599902391434,0.12537600100040436,0.12556800246238708,0.12223999947309494,0.13247999548912048,0.0011172550412576693
packed_32x256,True,32,8192,12,auto,1,0,0.12505919903516768,0.12537600100040436,0.12559999525547028,0.12326399981975555,0.1382399946451187,0.0013666836251188808
packed_32x256,True,32,8192,12,v64,1,1,0.13336912117898464,0.13359999656677246,0.13382400572299957,0.12963199615478516,0.14707200229167938,0.001436498701274401
packed_32x256,True,32,8192,12,v32,1,2,0.17224799901247023,0.1724800020456314,0.17427200078964233,0.17043200135231018,0.1833920031785965,0.0014754353523793035
packed_32x256,True,32,8192,12,v16,1,3,0.25855919942259786,0.25857600569725037,0.2606399953365326,0.25040000677108765,0.2831040024757385,0.0024589114093102977
packed_32x256,True,32,8192,12,compat_v128,1,4,0.12486895933747291,0.12537600100040436,0.1255359947681427,0.12236800044775009,0.1326719969511032,0.0011732613893813562
packed_32x256,True,32,8192,12,compat_v128,2,0,0.12506287924945356,0.12537600100040436,0.12559999525547028,0.12326399981975555,0.133760005235672,0.0011333145224486807
packed_32x256,True,32,8192,12,v16,2,1,0.2582892781496048,0.2585119903087616,0.2606079876422882,0.25148800015449524,0.268095999956131,0.0017377395104706788
packed_32x256,True,32,8192,12,v32,2,2,0.17241471916437148,0.1725119948387146,0.17449599504470825,0.1703999936580658,0.1873600035905838,0.0015978177593085198
packed_32x256,True,32,8192,12,v64,2,3,0.13354575984179973,0.13359999656677246,0.1345600038766861,0.12972800433635712,0.14697599411010742,0.0014131844646074804
packed_32x256,True,32,8192,12,auto,2,4,0.12512303866446017,0.12540799379348755,0.12556800246238708,0.12243200093507767,0.13488000631332397,0.001187549404255672
packed_32x256,True,32,8192,12,v32,3,0,0.17218319877982138,0.1724800020456314,0.17446400225162506,0.16937600076198578,0.1839040070772171,0.0015417484174020705
packed_32x256,True,32,8192,12,compat_v128,3,1,0.12508831903338433,0.12537600100040436,0.12566399574279785,0.1223360002040863,0.13391999900341034,0.001268603530722867
packed_32x256,True,32,8192,12,auto,3,2,0.12517151866108178,0.12537600100040436,0.12566399574279785,0.12329600006341934,0.13433599472045898,0.0011962059912033064
packed_32x256,True,32,8192,12,v64,3,3,0.13329632043838502,0.13359999656677246,0.13385599851608276,0.12956799566745758,0.14476799964904785,0.001392433250603604
packed_32x256,True,32,8192,12,v16,3,4,0.25834719851613047,0.2585279941558838,0.2606399953365326,0.25040000677108765,0.266975998878479,0.002034902761043056
packed_32x256,True,32,8192,12,v32,4,0,0.1721281585097313,0.17241600155830383,0.17449599504470825,0.17033599317073822,0.18467199802398682,0.0015654710700740873
packed_32x256,True,32,8192,12,compat_v128,4,1,0.12511055897921325,0.12537600100040436,0.12559999525547028,0.12227199971675873,0.13353599607944489,0.0011525517628713157
packed_32x256,True,32,8192,12,v16,4,2,0.2588612772524357,0.25859200954437256,0.26070401072502136,0.2545599937438965,0.2685759961605072,0.0017917576366848229
packed_32x256,True,32,8192,12,v64,4,3,0.13334752030670644,0.13359999656677246,0.1337919980287552,0.12963199615478516,0.1432960033416748,0.0012453804620321906
packed_32x256,True,32,8192,12,auto,4,4,0.1250763189792633,0.12540799379348755,0.12563200294971466,0.12249600142240524,0.1345919966697693,0.0011965044229855597
